[{"name":"theme_info","theme_name":"Yourstore","theme_author":"Etheme","theme_version":"2.0.0","theme_documentation_url":"http:\/\/ocean.tonytemplates.com\/shopify\/yourstore-doc-v2\/","theme_support_url":"http:\/\/etheme.tonytemplates.com\/forum\/viewforum.php?f=59"},{"name":"Layout","settings":[{"type":"select","id":"home_page_layout","label":"Select Home Page Layout","options":[{"value":"home-page_layout-1","label":"Default Editor"},{"value":"home-page_layout-2","label":"Layout 2 Static"}],"default":"home-page_layout-1"},{"type":"checkbox","id":"enable_rtl","label":"Enable Rtl","default":false}]},{"name":"Settings","settings":[{"type":"checkbox","id":"show_preloader","label":"Show Preloader","default":true},{"type":"checkbox","id":"hide_title_underline","label":"Hide Title Underline","default":false},{"type":"header","content":"Helper"},{"type":"checkbox","id":"show_helper","label":"Show Helper","info":"Will work in admin panel.","default":true},{"type":"textarea","id":"helper_info","label":"Link","default":"https:\/\/cdn.shopify.com\/s\/files\/1\/2154\/7153\/files\/yourstore_v2.0.1.js?17249508198905744634","info":"[Update information](https:\/\/yourstore-files.myshopify.com)"}]},{"name":"Colors","settings":[{"type":"header","content":"Main Colors"},{"type":"color","id":"color_body","label":"Background Color","default":"#ffffff"},{"type":"color","id":"color_base","label":"Base Color","default":"#1fc0a0"},{"type":"color","id":"color_baselinetitle","label":"Titles Line Color","default":"#1fc0a0"},{"type":"color","id":"color_text","label":"Titles Color","default":"#333333"},{"type":"color","id":"color_desc","label":"Descriptions Color","default":"#777777"},{"type":"color","id":"color_line","label":"Lines Color","default":"#e5e5e5"},{"type":"header","content":"Header"},{"type":"color","id":"color_header","label":"Background Color","default":"#ffffff"},{"type":"color","id":"color_stucknavigation","label":"Sticky Background Color","default":"#ffffff"},{"type":"color","id":"color_headerborder","label":"Sticky Border Color","default":"rgba(0,0,0,0)"},{"type":"color","id":"color_stucknavigationtext","label":"Sticky Text Color","default":"#333333"},{"type":"color","id":"color_stucknavigationtextactive","label":"Sticky Text Active Color","default":"#333333"},{"type":"color","id":"color_stucknavigationtextactiveline","label":"Menu Active Line Color","default":"#1fc0a0"},{"type":"color","id":"color_submenuhoverbg","label":"Submenu Active Color","default":"#f7f7f7"},{"type":"color","id":"color_submenuhovertext","label":"Submenu Active Text Color","default":"#333333"},{"type":"color","id":"color_iconnewbg","label":"Icon New Color","default":"#333333"},{"type":"color","id":"color_iconsale","label":"Icon Sale Color","default":"#1fc0a0"},{"type":"color","id":"color_slogan","label":"Slogan Color","default":"#1fc0a0"},{"type":"paragraph","content":"Customer Icon Dropdown."},{"type":"color","id":"color_customericon","label":"Customer Icon Color","default":"#333333"},{"type":"color","id":"color_customericonhover","label":"Customer Icon Hover Color","default":"#1fc0a0"},{"type":"paragraph","content":"Cart Icon."},{"type":"color","id":"color_carticon","label":"Cart Icon Color","default":"#1fc0a0"},{"type":"color","id":"color_carticonhover","label":"Cart Hover Icon Color","default":"#333333"},{"type":"color","id":"color_cartcircle","label":"Cart Circle Color","default":"#e8e8e8"},{"type":"color","id":"color_cartcircletext","label":"Cart Circle Text Color","default":"#777777"},{"type":"paragraph","content":"Colors Header Design 8."},{"type":"color","id":"color_linksacountheader8","label":"Account Color","default":"#000000"},{"type":"color","id":"color_linksacountheader8_hover","label":"Account Hover Color","default":"#474747"},{"type":"color","id":"color_linksheader8","label":"Links Color","default":"#777777"},{"type":"color","id":"color_linksheader8_hover","label":"Links Hover Color","default":"#000000"},{"type":"color","id":"color_linksheader8drop","label":"Links Dropdown Color","default":"#777777"},{"type":"color","id":"color_linksheader8drop_hover","label":"Links Dropdown Hover Color","default":"#000000"},{"type":"color","id":"color_searchheader8","label":"Search Color","default":"#000000"},{"type":"color","id":"color_searchheader8_hover","label":"Search Hover Color","default":"#474747"},{"type":"paragraph","content":"Search Colors. Header Design 9."},{"type":"color","id":"color_searchbg","label":"Background Color","default":"#ffffff"},{"type":"color","id":"color_searchborder","label":"Border Color","default":"#ffffff"},{"type":"color","id":"color_searchtext","label":"Text Color","default":"#777777"},{"type":"color","id":"color_searchicon","label":"Icon Color","default":"#333333"},{"type":"color","id":"color_searchiconactive","label":"Icon Hover Color","default":"#333333"},{"type":"header","content":"Mobile Header"},{"type":"color","id":"color_customerline","label":"Customer Line Color","default":"#777777"},{"type":"color","id":"color_infotextline","label":"Info Text Color","default":"#777777"},{"type":"color","id":"color_customertextline","label":"Customer Text Color","default":"#777777"},{"type":"color","id":"color_mobiletext","label":"Menu Text Color","default":"#777777"},{"type":"paragraph","content":"_____"},{"type":"paragraph","content":"Dropdown Buttons"},{"type":"color","id":"color_dropbg","label":"Background Color","default":"#333333"},{"type":"color","id":"color_dropicons","label":"Icons Color","default":"#1fc0a0"},{"type":"color","id":"color_droptext","label":"Text Color","default":"#999999"},{"type":"color","id":"color_dropbgactive","label":"Background Active Color","default":"#171717"},{"type":"color","id":"color_droptextactive","label":"Text Active Color","default":"#ffffff"},{"type":"color","id":"color_dropline","label":"Line Color","default":"#777777"},{"type":"color","id":"color_dropclose","label":"Close Button Color","default":"#1fc0a0"},{"type":"header","content":"Header Small Cart Popup"},{"type":"color","id":"color_smallcartbasecolor","label":"Text Base Color","default":"#1fc0a0"},{"type":"color","id":"color_smallcartbg","label":"Background Color","default":"#333333"},{"type":"color","id":"color_smallcartline","label":"Line Color","default":"#606060"},{"type":"color","id":"color_smallcarttext","label":"Text Color","default":"#ffffff"},{"type":"color","id":"color_smallcarttexthover","label":"Text Hover Color","default":"#ffffff"},{"type":"header","content":"Footer"},{"type":"color","id":"color_footer","label":"Footer Background Color","default":"#ffffff"},{"type":"color","id":"color_footerbase","label":"Footer Base Color","default":"#ffffff"},{"type":"color","id":"color_titleline","label":"Title Line Color","default":"#1fc0a0"},{"type":"color","id":"color_footertitle","label":"Title","default":"#ffffff"},{"type":"color","id":"color_footertext","label":"Text","default":"#ffffff"},{"type":"color","id":"color_footerlinks","label":"Links","default":"#ffffff"},{"type":"color","id":"color_footerlinksactive","label":"Links Active","default":"#ffffff"},{"type":"color","id":"color_footerlines","label":"Lines","default":"#ffffff"},{"type":"paragraph","content":"_____"},{"type":"color","id":"color_footerbtnbg","label":"Button Background","default":"#ffffff"},{"type":"color","id":"color_footerbtntext","label":"Button Text","default":"#ffffff"},{"type":"color","id":"color_footerbtnbgactive","label":"Button Active Background","default":"#ffffff"},{"type":"color","id":"color_footerbtntextactive","label":"Button Active Text","default":"#ffffff"},{"type":"header","content":"Footer Socials"},{"type":"color","id":"color_socialbase","label":"Background Color","default":"#ffffff"},{"type":"color","id":"color_socialtextbase","label":"Icon Color","default":"#ffffff"},{"type":"color","id":"color_socialactive","label":"Background Active Color","default":"#ffffff"},{"type":"color","id":"color_socialtextactive","label":"Icon Active Color","default":"#ffffff"},{"type":"header","content":"Slider and Pagination Buttons"},{"type":"color","id":"color_sliderbutton","label":"Background Color","default":"#f5f5f5"},{"type":"color","id":"color_sliderbuttontext","label":"Text Color","default":"#333333"},{"type":"color","id":"color_sliderbuttonhover","label":"Background Active Color","default":"#f5f5f5"},{"type":"color","id":"color_sliderbuttontexthover","label":"Text Active Color","default":"#333333"},{"type":"header","content":"Buttons Color"},{"type":"color","id":"color_btnbg","label":"Background Color","default":"#f5f5f5"},{"type":"color","id":"color_btntext","label":"Text Color","default":"#1fc0a0"},{"type":"color","id":"color_btnbghover","label":"Background Active Color","default":"#f5f5f5"},{"type":"color","id":"color_btntexthover","label":"Text Hover Color","default":"#1fc0a0"},{"type":"header","content":"Inverse Button, Cart Page"},{"type":"color","id":"color_inversebtnbg","label":"Background Color","default":"#f5f5f5"},{"type":"color","id":"color_inversebtntext","label":"Text Color","default":"#333333"},{"type":"color","id":"color_inversebtnbghover","label":"Background Hover Color","default":"#1fc0a0"},{"type":"color","id":"color_inversebtntexthover","label":"Text Hover Color","default":"#ffffff"},{"type":"header","content":"Filter Buttons"},{"type":"color","id":"color_filterbtnbg","label":"Background Color","default":"#f5f5f5"},{"type":"color","id":"color_filterbtntext","label":"Text Color","default":"#333333"},{"type":"color","id":"color_filterbtnbghover","label":"Background Hover Color","default":"#1fc0a0"},{"type":"color","id":"color_filterbtntexthover","label":"Text Hover Color","default":"#ffffff"},{"type":"color","id":"color_filterbtnbgclose","label":"Reset Background Color","default":"#333333"},{"type":"color","id":"color_filterbtntextclose","label":"Reset Text Color","default":"#ffffff"},{"type":"header","content":"Product Item"},{"type":"color","id":"color_product_item","label":"Products Background Color","default":"#ffffff"},{"type":"color","id":"color_prtitle","label":"Title Color","default":"#1fc0a0"},{"type":"color","id":"color_prtitlehover","label":"Title Hover Color","default":"#333333"},{"type":"color","id":"color_prlinks","label":"Links Color","default":"#333333"},{"type":"color","id":"color_prlinkshover","label":"Links Hover Color","default":"#1fc0a0"},{"type":"color","id":"color_salebadgecolor","label":"Sale Badge Color","default":"#fa6b6b"},{"type":"color","id":"color_salebadgecolortext","label":"Sale Badge Text Color","default":"#ffffff"},{"type":"color","id":"color_newbadgecolor","label":"New Badge Color","default":"#474747"},{"type":"color","id":"color_newbadgecolortext","label":"New Badge Text Color","default":"#ffffff"},{"type":"header","content":"Price"},{"type":"color","id":"color_baseprice","label":"Base Price Color","default":"#333333"},{"type":"color","id":"color_price","label":"New Price Color","default":"#333333"},{"type":"color","id":"color_oldprice","label":"Old Price Color","default":"#fa6b6b"},{"type":"header","content":"Quick View Button"},{"type":"text","id":"color_quickview","label":"Base Color","info":"rgba. Example: 255, 255, 255, 0.8"},{"type":"color","id":"color_quickviewtext","label":"Base Text Color","default":"#1fc0a0"},{"type":"text","id":"color_quickviewhover","label":"Active Color","info":"rgba. Example: 31, 192, 160, 0.8"},{"type":"color","id":"color_quickviewtexthover","label":"Active Text Color","default":"#ffffff"},{"type":"header","content":"Counter"},{"type":"text","id":"color_counteritembg","label":"Product Item Counter Background","info":"rgba. Example: 250, 107, 107, 0.8"},{"type":"color","id":"color_counteritemtext","label":"Product Item Counter Text","default":"#ffffff"},{"type":"color","id":"color_infotext","label":"Product Page Info Text","default":"#ffffff"},{"type":"color","id":"color_counterpagebg","label":"Product Page Counter Background","default":"#67e0fa"},{"type":"color","id":"color_counterpagetext","label":"Product Page Counter Text","default":"#ffffff"},{"type":"header","content":"Stars"},{"type":"color","id":"color_startbase","label":"Empty Star Color","default":"#ffffff"},{"type":"color","id":"color_startactive","label":"Active Star Color","default":"#ffffff"},{"type":"header","content":"Popups"},{"type":"color","id":"color_popupbg","label":"Background Color","default":"#ffffff"},{"type":"color","id":"color_popuptitle","label":"Title Color","default":"#ffffff"},{"type":"color","id":"color_popuptext","label":"Text Color","default":"#ffffff"},{"type":"color","id":"color_popupclose","label":"Close Base Color","default":"#ffffff"},{"type":"color","id":"color_popupclosehover","label":"Close Active Color","default":"#ffffff"},{"type":"header","content":"Product Tabs Design 2"},{"type":"color","id":"color_producttabs","label":"Tabs Header Color","default":"#ffffff"},{"type":"header","content":"Blog Posts Items"},{"type":"paragraph","content":"Badge"},{"type":"color","id":"color_badgebg","label":"Background Color","default":"#1fc0a0"},{"type":"color","id":"color_badgetext","label":"Text Color","default":"#ffffff"},{"type":"color","id":"color_badgebghover","label":"Background Hover Color","default":"#ffffff"},{"type":"color","id":"color_badgetexthover","label":"Text Hover Color","default":"#1fc0a0"},{"type":"paragraph","content":"Title"},{"type":"color","id":"color_blogtitle","label":"Text Color","default":"#1fc0a0"},{"type":"color","id":"color_blogtitlehover","label":"Text Hover Color","default":"#333333"},{"type":"paragraph","content":"Comments"},{"type":"color","id":"color_blogcomments","label":"Text Color","default":"#1fc0a0"},{"type":"color","id":"color_blogcommentshover","label":"Text Hover Color","default":"#333333"},{"type":"header","content":"Layout 2, Colors"},{"type":"color","id":"color_lay2categories","label":"Categories Background","default":"#ffffff"},{"type":"color","id":"color_lay2categoriestext","label":"Categories Text","default":"#ffffff"},{"type":"color","id":"color_lay2bg","label":"Menu Background","default":"#ffffff"},{"type":"color","id":"color_lay2text","label":"Menu Text","default":"#ffffff"},{"type":"color","id":"color_lay2bgactive","label":"Menu Background Active","default":"#ffffff"},{"type":"color","id":"color_lay2textactive","label":"Menu Text Active","default":"#ffffff"},{"type":"checkbox","id":"colorize_bages","label":"Menu Badges One Color","default":false,"info":"Badges: new, sale"},{"type":"color","id":"color_lay2lines","label":"Menu Lines","default":"#ffffff"}]},{"name":"Typography","settings":[{"type":"checkbox","id":"enable_custom_fonts","label":"Use Custom Fonts","default":true},{"type":"header","content":"Font"},{"type":"paragraph","content":"Body Text, Titles, and Other"},{"type":"radio","id":"font_family_1","label":"Select Font Family:","options":[{"value":"default_font","label":"Default Font"},{"value":"google_font","label":"[Google Font](http:\/\/www.google.com\/fonts)"}],"default":"default_font"},{"type":"text","id":"font_name_1","label":"Google Font Name"},{"type":"header","content":"Font 2"},{"type":"radio","id":"font_family_2","label":"Select Font Family:","options":[{"value":"default_font","label":"Default Font"},{"value":"google_font","label":"[Google Font](http:\/\/www.google.com\/fonts)"}],"default":"default_font"},{"type":"text","id":"font_name_2","label":"Google Font Name"}]},{"name":"Language","settings":[{"type":"checkbox","id":"show_menu_language","label":"Show Languages","default":false},{"type":"text","id":"title_language","label":"Title","default":"Language:"},{"type":"text","id":"default_language","label":"Default Language","default":"English"},{"type":"link_list","id":"linklist_language","label":"Language Link List"}]},{"name":"Logo Settings","settings":[{"type":"paragraph","content":"Logo upload in Header, Footer, Newsletter Popup, Home Layout 4"},{"type":"header","content":"If selected Retina Logo, images SIZE must be SAME for all places"},{"type":"radio","id":"header_logo_size","options":[{"value":"default","label":"Default"},{"value":"retina","label":"Retina"}],"label":"Select Logo Size"},{"type":"paragraph","content":"Retina Image. Write default image Height"},{"type":"text","id":"header_retina_height","label":"Logo Height, Retina","info":"integer PX"}]},{"name":"Header","settings":[{"type":"header","content":"Header Design"},{"type":"select","id":"header_design","label":"Select Header Design","options":[{"value":"header_design1","label":"Design 1"},{"value":"header_design2","label":"Design 2"},{"value":"header_design3","label":"Design 3"},{"value":"header_design4","label":"Design 4"},{"value":"header_design5","label":"Design 5"},{"value":"header_design6","label":"Design 6"},{"value":"header_design7","label":"Design 7"},{"value":"header_design8","label":"Design 8"},{"value":"header_design9","label":"Design 9"}],"default":"header_design1","info":"[View image with header designs](https:\/\/cdn.shopify.com\/s\/files\/1\/1236\/4838\/files\/headers.png?9864885890855400604)"},{"type":"checkbox","id":"topoffset","label":"Indent Home Page Content","default":false},{"type":"header","content":"Logo"},{"type":"image","id":"logo.png","label":"Logo Main"},{"type":"checkbox","id":"use_favicon","label":"Use custom icon (16px x 16px)","default":true},{"type":"image","id":"favicon.png","label":"Favicon","max-width":16,"max-height":16},{"type":"header","content":"Transparent Settings. Only for index page."},{"type":"image","id":"logotransparent.png","label":"Logo Transparent"},{"type":"paragraph","content":"Use with \"Revolution Slider\"."},{"type":"checkbox","id":"transparent_header","label":"Enable Transparent Header"},{"type":"color","id":"headertransparentcolor","label":"Elements Color","default":"#ffffff"},{"type":"color","id":"headertransparentbgcolor","label":"Background Color","default":"#ffffff"},{"type":"header","content":"Slogan"},{"type":"textarea","id":"header_slogan","label":"Slogan"},{"type":"header","content":"Breadcrumb Top Line"},{"type":"checkbox","id":"show_line","label":"Show Top Line","default":true},{"type":"header","content":"Navigation"},{"type":"checkbox","id":"showfixedbar","label":"Show Sticky Header","default":true}]},{"name":"Footer Main Blocks","settings":[{"type":"checkbox","id":"transparent_footer","label":"Home Page Fixed Footer","default":false,"info":"Work only in the home page. Use to create fullscreen page."},{"type":"color","id":"footertransparentcolor","label":"Elements Color","default":"#ffffff"},{"type":"header","content":"Footer Design"},{"type":"select","id":"footer_design","label":"Select Footer Design","options":[{"value":"footer_design1","label":"Design 1"},{"value":"footer_design2","label":"Design 2"},{"value":"footer_design3","label":"Design 3"},{"value":"footer_design4","label":"Design 4"},{"value":"footer_design5","label":"Design 5"},{"value":"footer_design6","label":"Design 6"}],"default":"footer_design1","info":"[View image with header designs](https:\/\/cdn.shopify.com\/s\/files\/1\/1236\/4838\/files\/footers.png?9864885890855400604)"},{"type":"header","content":"MAIN BLOCKS"},{"type":"image","id":"footerlogo.png","label":"Logo"},{"type":"header","content":"Footer Links"},{"type":"checkbox","id":"tabBlockAll","label":"Show Footer Links","default":true},{"type":"paragraph","content":"_____"},{"type":"checkbox","id":"tabBlock1","label":"Show footer navigation 1","default":true},{"type":"text","id":"blockName1","default":"Block 1"},{"type":"link_list","id":"footer-links-1","label":"Navigation Link List 1"},{"type":"paragraph","content":"_____"},{"type":"checkbox","id":"tabBlock2","label":"Show footer navigation 2","default":true},{"type":"text","id":"blockName2","default":"Block 2"},{"type":"link_list","id":"footer-links-2","label":"Navigation Link List 2"},{"type":"paragraph","content":"_____"},{"type":"checkbox","id":"tabBlock3","label":"Show footer navigation 3","default":true},{"type":"text","id":"blockName3","default":"Block 3"},{"type":"link_list","id":"footer-links-3","label":"Navigation Link List 3"},{"type":"header","content":"Social Buttons Html"},{"type":"checkbox","id":"show_footer_soc_but","label":"Show Social Buttons","default":true},{"type":"textarea","id":"footer_soc_but","label":"Html Code","default":"<li><a class='icon fa fa-facebook' href='http:\/\/www.facebook.com\/'><\/a><\/li><li><a class='icon fa fa-twitter' href='http:\/\/www.twitter.com\/'><\/a><\/li><li><a class='icon fa fa-google-plus' href='http:\/\/www.google.com\/'><\/a><\/li><li><a class='icon fa fa-instagram' href='https:\/\/instagram.com\/'><\/a><\/li><li><a class='icon fa fa-youtube-square' href='https:\/\/www.youtube.com\/'><\/a><\/li>"},{"type":"header","content":"Newsletter"},{"type":"checkbox","id":"showfooternewsletter","label":"Show Newsletter","default":true},{"type":"header","content":"Footer Address"},{"type":"textarea","id":"footer_address","label":"Copyright"}]},{"name":"Footer Design 1","settings":[{"type":"checkbox","id":"contentBlockAll","label":"Show Content","default":true},{"type":"header","content":"Logo And Text"},{"type":"checkbox","id":"showfooterlogo","label":"Show Logo","default":true},{"type":"checkbox","id":"showfootercontenttext","label":"Show Content Text","default":true},{"type":"text","id":"footercontenttexttitle","label":"Mobile Title"},{"type":"textarea","id":"footercontenttext","label":"Html Code"}]},{"name":"Footer Design 2","settings":[{"type":"checkbox","id":"contentBlockAll_design2","label":"Show Content","default":true},{"type":"header","content":"Logo And Text"},{"type":"checkbox","id":"showfooterlogo_design2","label":"Show Logo","default":true},{"type":"checkbox","id":"showfootercontenttext_design2","label":"Show Content Text","default":true},{"type":"text","id":"footercontenttexttitle_design2","label":"Mobile Title"},{"type":"textarea","id":"footercontenttext_design2","label":"Html Code"}]},{"name":"Footer Design 3","settings":[{"type":"checkbox","id":"contentBlockAll_design3","label":"Show Content","default":true},{"type":"header","content":"Logo And Text"},{"type":"checkbox","id":"showfooterlogo_design3","label":"Show Logo","default":true},{"type":"checkbox","id":"showfootercontenttext_design3","label":"Show Content Text","default":true},{"type":"text","id":"footercontenttexttitle_design3","label":"Title, Mobile"},{"type":"textarea","id":"footercontenttext_design3","label":"Html Code"}]},{"name":"Footer Design 4","settings":[{"type":"checkbox","id":"show_top_line","label":"Show Top Line","default":true},{"type":"checkbox","id":"contentBlockAll_design4","label":"Show Content","default":true},{"type":"textarea","id":"footercontenttext_design4","label":"Html Code","default":"Html Code"},{"type":"header","content":"Text After Newsletter"},{"type":"checkbox","id":"shownewslettertext_design4","label":"Show Text","default":true},{"type":"textarea","id":"newslettertitle_design4","label":"Title, Mobile","default":"Title"},{"type":"textarea","id":"newslettertext_design4","label":"Html Code","default":"Html Code"}]},{"name":"Footer Design 5","settings":[{"type":"checkbox","id":"contentBlockAll_design5","label":"Show Content","default":true},{"type":"textarea","id":"footercontenttext_design5","label":"Html Code","default":"Html Code"}]},{"name":"Footer Design 6","settings":[{"type":"checkbox","id":"show_top_line_d6","label":"Show Top Line","default":false},{"type":"checkbox","id":"show_fotter_content1_design6","label":"Show Content 1","default":false},{"type":"textarea","id":"footer_text1_design6","label":"Html Code. Content 1","default":"Html Code"},{"type":"textarea","id":"footer_text_design6","label":"Html Code. Content 2","default":"Html Code","info":"Visible only on the screen > 1770px"}]},{"name":"Navigation","settings":[{"type":"link_list","id":"main_menu_selected","label":"Menu Menu","default":"main-menu"},{"type":"paragraph","content":"Item HOT. Separate menu item with icon HOT. Text HOT you find in: EDIT LANGUAGE \/ GENERAL \/ MENU ICONS"},{"type":"textarea","id":"menu_icon_hot","label":"Menu Items Sale","info":"Example: item name, item name, item name"},{"type":"paragraph","content":"Item NEW. Separate menu item with icon NEW. Text NEW you find in: EDIT LANGUAGE \/ GENERAL \/ MENU ICONS"},{"type":"textarea","id":"menu_icon_new","label":"Menu Items New","info":"Example: item name, item name, item name"},{"type":"header","content":"Mega Menus Options"},{"type":"header","content":"Type 1"},{"type":"paragraph","content":"Example: menu item name, page handle; menu item name, page handle"},{"type":"textarea","id":"submenu_type3","label":"Separate Menu Items"},{"type":"header","content":"Type 2, Item 1"},{"type":"link_list","id":"submenu_type_and_list_1","label":"Select Menu Item"},{"type":"radio","id":"submenu_type_and_list_grid_1","label":"Items In Row","options":[{"value":"2","label":"6"},{"value":"3","label":"4"},{"value":"4","label":"3"}],"default":"4"},{"type":"textarea","id":"submenu_images_1","label":"Categorie Images","info":"link1, link2, ..."},{"type":"textarea","id":"submenu_customhtml_1","label":"Bottom Custom Html"},{"type":"paragraph","content":"Gallery"},{"type":"checkbox","id":"submenu_showcollection_1","label":"Show Simple Slider","default":true},{"type":"text","id":"submenu_collectiontitle_1","label":"Title","default":"FEATURED"},{"type":"text","id":"submenu_collectiontitlelink_1","label":"Title Link","default":"#"},{"type":"collection","id":"submenu_collection_1","label":"Collection"},{"type":"text","id":"submenu_collectionlength_1","label":"Items Length","default":"4","info":"Integer"},{"type":"header","content":"Type 2, Item 2"},{"type":"link_list","id":"submenu_type_and_list_2","label":"Select Menu Item"},{"type":"radio","id":"submenu_type_and_list_grid_2","label":"Items In Row","options":[{"value":"2","label":"6"},{"value":"3","label":"4"},{"value":"4","label":"3"}],"default":"4"},{"type":"textarea","id":"submenu_images_2","label":"Categorie Images","info":"link1, link2, ..."},{"type":"textarea","id":"submenu_customhtml_2","label":"Bottom Custom Html"},{"type":"paragraph","content":"Gallery"},{"type":"checkbox","id":"submenu_showcollection_2","label":"Show Simple Slider","default":true},{"type":"text","id":"submenu_collectiontitle_2","label":"Title","default":"FEATURED"},{"type":"text","id":"submenu_collectiontitlelink_2","label":"Title Link","default":"#"},{"type":"collection","id":"submenu_collection_2","label":"Collection"},{"type":"text","id":"submenu_collectionlength_2","label":"Items Length","default":"4","info":"Integer"},{"type":"header","content":"Type 2, Item 3"},{"type":"link_list","id":"submenu_type_and_list_3","label":"Select Menu Item"},{"type":"radio","id":"submenu_type_and_list_grid_3","label":"Items In Row","options":[{"value":"2","label":"6"},{"value":"3","label":"4"},{"value":"4","label":"3"}],"default":"4"},{"type":"textarea","id":"submenu_images_3","label":"Categorie Images","info":"link1, link2, ..."},{"type":"textarea","id":"submenu_customhtml_3","label":"Bottom Custom Html"},{"type":"paragraph","content":"Gallery"},{"type":"checkbox","id":"submenu_showcollection_3","label":"Show Simple Slider","default":true},{"type":"text","id":"submenu_collectiontitle_3","label":"Title","default":"FEATURED"},{"type":"text","id":"submenu_collectiontitlelink_3","label":"Title Link","default":"#"},{"type":"collection","id":"submenu_collection_3","label":"Collection"},{"type":"text","id":"submenu_collectionlength_3","label":"Items Length","default":"4","info":"Integer"},{"type":"header","content":"Type 2, Item 4"},{"type":"link_list","id":"submenu_type_and_list_4","label":"Select Menu Item"},{"type":"radio","id":"submenu_type_and_list_grid_4","label":"Items In Row","options":[{"value":"2","label":"6"},{"value":"3","label":"4"},{"value":"4","label":"3"}],"default":"4"},{"type":"textarea","id":"submenu_images_4","label":"Categorie Images","info":"link1, link2, ..."},{"type":"textarea","id":"submenu_customhtml_4","label":"Bottom Custom Html"},{"type":"paragraph","content":"Gallery"},{"type":"checkbox","id":"submenu_showcollection_4","label":"Show Simple Slider","default":true},{"type":"text","id":"submenu_collectiontitle_4","label":"Title","default":"FEATURED"},{"type":"text","id":"submenu_collectiontitlelink_4","label":"Title Link","default":"#"},{"type":"collection","id":"submenu_collection_4","label":"Collection"},{"type":"text","id":"submenu_collectionlength_4","label":"Items Length","default":"4","info":"Integer"},{"type":"header","content":"Type 2, Item 5"},{"type":"link_list","id":"submenu_type_and_list_5","label":"Select Menu Item"},{"type":"radio","id":"submenu_type_and_list_grid_5","label":"Items In Row","options":[{"value":"2","label":"6"},{"value":"3","label":"4"},{"value":"4","label":"3"}],"default":"4"},{"type":"textarea","id":"submenu_images_5","label":"Categorie Images","info":"link1, link2, ..."},{"type":"textarea","id":"submenu_customhtml_5","label":"Bottom Custom Html"},{"type":"paragraph","content":"Gallery"},{"type":"checkbox","id":"submenu_showcollection_5","label":"Show Simple Slider","default":true},{"type":"text","id":"submenu_collectiontitle_5","label":"Title","default":"FEATURED"},{"type":"text","id":"submenu_collectiontitlelink_5","label":"Title Link","default":"#"},{"type":"collection","id":"submenu_collection_5","label":"Collection"},{"type":"text","id":"submenu_collectionlength_5","label":"Items Length","default":"4","info":"Integer"}]},{"name":"Product Item","settings":[{"type":"header","content":"Scale Products"},{"type":"checkbox","id":"use_scale_product_image","label":"Use One Image Height","default":false},{"type":"text","id":"product_scale_height","label":"Value In pixel","info":"integer","default":"200"},{"type":"header","content":"Settings"},{"type":"checkbox","id":"product_item_showqv","label":"Show Quick View","default":true},{"type":"checkbox","id":"product_item_show_cart","label":"Show Cart Button","default":true},{"type":"checkbox","id":"product_item_show_rating","label":"Show Rating","default":true},{"type":"header","content":"Product Options"},{"type":"checkbox","id":"show_product_options","label":"Show Product Options","default":true}]},{"name":"Product Page","settings":[{"type":"checkbox","id":"show_product_switcer","label":"Show Product Switcher","default":true},{"type":"select","id":"product_page_design","label":"Product Design","options":[{"value":"default","label":"Default"},{"value":"design2","label":"Design 2"}],"default":"default"},{"type":"checkbox","id":"productpage_zoomenable","label":"Enable Image Zoom","default":true},{"type":"header","content":"Product Info Content"},{"type":"radio","id":"product_header_type","options":[{"value":"default","label":"Default"},{"value":"small","label":"Small"}],"label":"Product Gallery Size"},{"type":"checkbox","id":"show_product_rating","label":"Show Rating","default":true},{"type":"checkbox","id":"show_product_quantity","label":"Show Quantity","default":true},{"type":"checkbox","id":"show_product_sku","label":"Show SKU","default":true},{"type":"checkbox","id":"show_product_vendor","label":"Show Vendor","default":true},{"type":"checkbox","id":"variant_combobox","label":"Use Variant Combobox","default":false},{"type":"header","content":"Alarm Message"},{"type":"checkbox","id":"show_product_alarm_message","label":"Show Alarm Message","default":true},{"type":"text","id":"count_start_show","label":"Count To Start show Message","default":"10","info":"Integer"},{"type":"header","content":"Tabs"},{"type":"select","id":"product_tabs_work","label":"Tabs Design. Work In Page Default Design","options":[{"value":"default","label":"Default"},{"value":"design2","label":"Design 2"},{"value":"design3","label":"Design 3"},{"value":"design3full","label":"Design 3 Full Screen"}],"default":"default"},{"type":"checkbox","id":"show_product_tab_1","label":"Show Tab Description","default":true},{"type":"text","id":"product_tab_title_1","label":"Tab Tilte"},{"type":"checkbox","id":"show_product_tab_2","label":"Show Tab Custom Html","default":true},{"type":"text","id":"product_tab_title_2","label":"Tab Title"},{"type":"textarea","id":"product_tab_desc_2","label":"Tab Custom Html"},{"type":"checkbox","id":"show_product_tab_3","label":"Show Tab Custom Html 2","default":true},{"type":"text","id":"product_tab_title_3","label":"Tab Title"},{"type":"textarea","id":"product_tab_desc_3","label":"Tab Custom Html 2"},{"type":"checkbox","id":"show_product_tab_4","label":"Show Tab Tags","default":true},{"type":"text","id":"product_tab_title_4","label":"Tab Tilte"},{"type":"checkbox","id":"show_product_tab_5","label":"Show Tab Review","default":true},{"type":"text","id":"product_tab_title_5","label":"Tab Tilte"},{"type":"header","content":"Upsell Collection"},{"type":"checkbox","id":"show_upsell_collection","label":"Show Collection","default":true},{"type":"checkbox","id":"upsell_collection_title_center","label":"Center Title","default":false},{"type":"text","id":"product_upsell_collection_title","label":"Title"},{"type":"collection","id":"product_upsell_collection","label":"Collection"},{"type":"text","id":"product_upsell_collection_count","label":"Count","default":"8","info":"Integer"},{"type":"header","content":"Custom Html, visible only in screen size > 1770px"},{"type":"checkbox","id":"show_productpage_htmlblock","label":"Show Custom Html","default":true},{"type":"textarea","id":"productpage_htmlblock","label":"Custom Html"}]},{"name":"Product Quick View","settings":[{"type":"header","content":"Product Quick View"},{"type":"checkbox","id":"quickview_sku","label":"Show SKU","default":true},{"type":"checkbox","id":"quickview_availability","label":"Show Availability","default":true},{"type":"checkbox","id":"quickview_showrating","label":"Show Rating","default":true}]},{"name":"Blog","settings":[{"type":"textarea","id":"blog_tags","label":"Blog Tags With Translate","info":"If need translate separate tag with translate word. Example: tag__translate. Items separate with comma ,"},{"type":"header","content":"Blog Grid"},{"type":"text","id":"blog_post_count","label":"Post Count","info":"Integer","default":"6"},{"type":"select","id":"blog_grid","label":"Grid","options":[{"value":"default","label":"Default"},{"value":"blog2","label":"Blog 2 In Row"},{"value":"blog3","label":"Blog 3 In Row"}],"default":"default"},{"type":"header","content":"Blog Item Settings"},{"type":"checkbox","id":"blog_show_author","label":"Show author","default":true},{"type":"checkbox","id":"blog_show_date","label":"Show date","default":true},{"type":"checkbox","id":"show_comments","label":"Show comments","default":true},{"type":"paragraph","content":"_____"},{"type":"paragraph","content":"Work only for the field \"Content\". Field \"Excerpt\" will show full."},{"type":"text","id":"truncate","label":"Show Words","default":"15","info":"Integer"},{"type":"text","id":"truncate_last_symbols","label":"Last Symbols","default":"..."},{"type":"header","content":"Sidebar"},{"type":"checkbox","id":"show_blog_sidebar","label":"Show Sidebar","default":false},{"type":"checkbox","id":"show_blog_sidebar_article","label":"Show Sidebar In Article Page","default":false},{"type":"header","content":"Sidebar Blogs List"},{"type":"checkbox","id":"sidebar_show_blogs","label":"Show Blogs","default":true},{"type":"text","id":"sidebar_blogs_title","label":"Title"},{"type":"textarea","id":"sidebar_blogs","label":"Blogs Handle"},{"type":"header","content":"Sidebar Tags"},{"type":"checkbox","id":"sidebar_show_tags","label":"Show Tags","default":true},{"type":"text","id":"sidebar_tags_title","label":"Title"},{"type":"header","content":"Sidebar Recent Blog"},{"type":"checkbox","id":"sidebar_show_recent_blog","label":"Show Recent Blog","default":true},{"type":"text","id":"sidebar_recent_blog_title","label":"Title"},{"type":"blog","id":"sidebar_recent_blog_name","label":"Blog Name"},{"type":"text","id":"sidebar_recent_blog_count","label":"Post Count","info":"Integer","default":"3"},{"type":"checkbox","id":"blog_show_author_recent","label":"Show author","default":true},{"type":"checkbox","id":"blog_show_date_recent","label":"Show date","default":true},{"type":"checkbox","id":"show_comments_recent","label":"Show comments","default":true},{"type":"paragraph","content":"_____"},{"type":"paragraph","content":"Work only for the field \"Content\". Field \"Excerpt\" will show full."},{"type":"text","id":"truncate_recent","label":"Show Words","default":"15","info":"Integer"},{"type":"text","id":"truncate_last_symbols_recent","label":"Last Symbols","default":"..."},{"type":"header","content":"Sidebar Custom Html Blocks"},{"type":"checkbox","id":"blog_sidebar_customhtml1_show","label":"Show Block 1","default":true},{"type":"text","id":"blog_sidebar_customhtml1_title","label":"Title"},{"type":"textarea","id":"blog_sidebar_customhtml1_content","label":"Content"},{"type":"checkbox","id":"blog_sidebar_customhtml2_show","label":"Show Block 2","default":true},{"type":"text","id":"blog_sidebar_customhtml2_title","label":"Title","default":"Meta"},{"type":"textarea","id":"blog_sidebar_customhtml2_content","label":"Content","default":"<ul class=\"categories-list\"><li><a href=\"#\">Entries RSS<\/a><\/li><li><a href=\"#\">WordPress.org<\/a><\/li><li><a href=\"#\">Magento<\/a><\/li><li><a href=\"#\">Shopify<\/a><\/li><\/ul>"}]},{"name":"Collection Page","settings":[{"type":"text","id":"pagination_limit","label":"Number of products per page","default":"8"},{"type":"select","id":"products_in_column","label":"Products In Column","info":"Start screen width > 1770px","options":[{"value":"two","label":"2"},{"value":"three","label":"3"},{"value":"four","label":"4"},{"value":"five","label":"5"},{"value":"six","label":"6"},{"value":"nine","label":"9"}],"default":"three"},{"type":"checkbox","id":"enable_infinite_scroll","label":"Enable Infinite Scrolling","info":"Show More Button","default":false},{"type":"checkbox","id":"show_collection_description","label":"Show Collection Description","default":true},{"type":"header","content":"Stick and Scroll Sidebar"},{"type":"checkbox","id":"enable_scroll_sidebar","label":"Enable Stick and Scroll Sidebar","default":true},{"type":"header","content":"Sidebar"},{"type":"select","id":"listing_page_design","label":"Page Design","options":[{"value":"disable-sidebar","label":"Disable Sidebar"},{"value":"left-sidebar","label":"Left Sidebar"},{"value":"right-sidebar","label":"Right Sidebar"},{"value":"left-right-sidebar","label":"Left, Right Sidebar"},{"value":"closed-sidebar","label":"Closed Sidebar"}],"default":"left-sidebar"},{"type":"textarea","id":"sidebar_opened_tabs","label":"Open Tabs","info":"1,2,3,4,5,6,7,8"},{"type":"header","content":"Filter By Category"},{"type":"paragraph","content":"[Filter values correspond to the value \"Tags\" in the product.](https:\/\/docs.shopify.com\/manual\/your-store\/products\/edit-tags)"},{"type":"checkbox","id":"show_shopby_type_filter","label":"Show Filter By Category","default":true},{"type":"textarea","id":"shopby_type_filter","label":"List categories for all products","default":"dress,tops,shirts","info":"Example: dress,tops,shirts"},{"type":"header","content":"Filters"},{"type":"paragraph","content":"[Filter values correspond to the value \"Tags\" in the product.](https:\/\/docs.shopify.com\/manual\/your-store\/products\/edit-tags)"},{"type":"paragraph","content":"If filter has no tag in the product, it will not be visible."},{"type":"paragraph","content":"Colors: black, grey, light-grey, blue, dark-turquoise, orange, purple, pale-violet-red, red, green, yellow, tan, white"},{"type":"paragraph","content":"new Colors add in Edit Theme \/ css-liquid.css.liquid \/ [Colors](http:\/\/www.w3schools.com\/colors\/colors_names.asp)"},{"type":"checkbox","id":"show_shopby_color_filter","label":"Show List Colors","default":true},{"type":"text","id":"shopby_color_filter_border","label":"Color","default":"White","info":"When color = background color, color is hide. Write color name and this color has border."},{"type":"textarea","id":"shopby_color_filter","label":"List Colors","info":"Example: red,green,blue"},{"type":"checkbox","id":"show_shopby_size_filter","label":"Show List Sizes","default":true},{"type":"textarea","id":"shopby_size_filter","label":"List Sizes","info":"Example: 39,40,41"},{"type":"checkbox","id":"show_shopby_tags_filter","label":"Show List Popular Tags","default":true},{"type":"textarea","id":"shopby_tags_filter","label":"List Popular Tags","info":"Example: dress,coats,jackets"},{"type":"checkbox","id":"show_shopby_price_filter","label":"Show List Prices","default":true},{"type":"textarea","id":"shopby_price_filter","label":"List Prices","info":"Example: Under $100,$100-$200,$200-$500,More than $500"},{"type":"header","content":"Filter By Vendor"},{"type":"paragraph","content":"[Filter values correspond to the value \"Vendor\" in the product.](https:\/\/docs.shopify.com\/manual\/your-store\/products\/edit-tags)"},{"type":"checkbox","id":"show_shopby_vendor_filter","label":"Show Filter By Vendor","default":true},{"type":"textarea","id":"shopby_vendor_filter","label":"List vendors for all products","default":"nike,adidas,reebok","info":"Example: nike,adidas,reebok"},{"type":"header","content":"Sidebar Collection"},{"type":"checkbox","id":"show_sidebar_collection","label":"Show Sidebar Collection","default":true},{"type":"collection","id":"sidebar_collection","label":"Products From Collection","info":"show limit = 6"},{"type":"header","content":"Sidebar Custom Html"},{"type":"checkbox","id":"show_sidebar_customhtml","label":"Show Sidebar Custom Html","default":true},{"type":"textarea","id":"sidebar_customhtml","label":"Custom Html"}]},{"name":"Collection Page Color","settings":[{"type":"header","content":"Associate Color with Image"},{"type":"text","id":"filter_color1","label":"Color Name 1","info":"Enter color name and select image \"Image Color 1\""},{"type":"image","id":"filter_color1.png","label":"Image Color 1","info":"Image must be PNG, 40 x 40 Px"},{"type":"text","id":"filter_color2","label":"Color Name 2","info":"Enter color name and select image \"Image Color 2\""},{"type":"image","id":"filter_color2.png","label":"Image Color 2","info":"Image must be PNG, 40 x 40 Px"},{"type":"text","id":"filter_color3","label":"Color Name 3","info":"Enter color name and select image \"Image Color 3\""},{"type":"image","id":"filter_color3.png","label":"Image Color 3","info":"Image must be PNG, 40 x 40 Px"},{"type":"text","id":"filter_color4","label":"Color Name 4","info":"Enter color name and select image \"Image Color 4\""},{"type":"image","id":"filter_color4.png","label":"Image Color 4","info":"Image must be PNG, 40 x 40 Px"},{"type":"text","id":"filter_color5","label":"Color Name 5","info":"Enter color name and select image \"Image Color 5\""},{"type":"image","id":"filter_color5.png","label":"Image Color 5","info":"Image must be PNG, 40 x 40 Px"},{"type":"text","id":"filter_color6","label":"Color Name 6","info":"Enter color name and select image \"Image Color 6\""},{"type":"image","id":"filter_color6.png","label":"Image Color 6","info":"Image must be PNG, 40 x 40 Px"},{"type":"text","id":"filter_color7","label":"Color Name 7","info":"Enter color name and select image \"Image Color 7\""},{"type":"image","id":"filter_color7.png","label":"Image Color 7","info":"Image must be PNG, 40 x 40 Px"},{"type":"text","id":"filter_color8","label":"Color Name 8","info":"Enter color name and select image \"Image Color 8\""},{"type":"image","id":"filter_color8.png","label":"Image Color 8","info":"Image must be PNG, 40 x 40 Px"},{"type":"text","id":"filter_color9","label":"Color Name 9","info":"Enter color name and select image \"Image Color 9\""},{"type":"image","id":"filter_color9.png","label":"Image Color 9","info":"Image must be PNG, 40 x 40 Px"},{"type":"text","id":"filter_color10","label":"Color Name 10","info":"Enter color name and select image \"Image Color 10\""},{"type":"image","id":"filter_color10.png","label":"Image Color 10","info":"Image must be PNG, 40 x 40 Px"}]},{"name":"Newsletter","settings":[{"type":"header","content":"Newsletter Widget"},{"type":"text","id":"mailchimp_form_action","label":"MailChimp form action URL","info":"[Where do I find my MailChimp form action URL?](https:\/\/help.shopify.com\/manual\/using-themes\/change-the-layout\/theme-newsletter#add-a-mailchimp-newsletter-form-to-your-store-non-sectioned-themes-specific)"}]},{"name":"Popup Newsletter","settings":[{"type":"paragraph","content":"After close popup next show will be after 1 minute. If set \"DON'T SHOW THIS POPUP AGAIN\" next show will be after 7 days."},{"type":"checkbox","id":"popup_newsletter_show","label":"Show Popup Newsletter","default":false},{"type":"image","id":"newsletter-logo.png","label":"Logo","info":"Image must be PNG"},{"type":"checkbox","id":"popup_newsletter_showicon","label":"Show Background Icon","default":true},{"type":"image","id":"newsletter-bg.png","label":"Background Icon","info":"Image must be PNG"},{"type":"checkbox","id":"popup_newsletter_showimage","label":"Show Background Image","default":false},{"type":"image","id":"popup_background_image.jpg","label":"Background Image","info":"Image must be Jpg"},{"type":"checkbox","id":"popup_newsletter_hidecolor","label":"Hide Background Color","default":false},{"type":"textarea","id":"popup_newsletter_title","label":"Title","default":"The Best Store!"},{"type":"textarea","id":"popup_newsletter_description","label":"Description"},{"type":"textarea","id":"popup_newsletter_message","label":"Field Message","default":"Your E-mail..."},{"type":"text","id":"popup_newsletter_button","label":"Button Name","default":"subscribe"},{"type":"textarea","id":"popup_newsletter_question","label":"Checkbox Question","default":"DON'T SHOW THIS POPUP AGAIN"},{"type":"paragraph","content":"\"MailChimp form action URL\" You can find in tab \"Newsletter\""},{"type":"header","content":"Time Settings"},{"type":"text","id":"popup_newsletter_delay_first","label":"Delay before current show","info":"Time in milliseconds. Integer","default":"2000"},{"type":"text","id":"popup_newsletter_delay","label":"Delay before next show","info":"Time in minutes. Integer","default":"1"}]},{"name":"Cart Page","settings":[{"type":"select","id":"cart_design","label":"Cart Page Design","options":[{"value":"default","label":"Default"},{"value":"design2","label":"Right Column"}],"default":"default"},{"type":"header","content":"Shipping Rates Calculator"},{"type":"checkbox","id":"shipping_calculator","label":"Show the shipping calculator","default":true},{"type":"text","id":"shipping_calculator_heading","label":"Heading Title","default":"ESTIMATE SHIPPING AND TAX"},{"type":"text","id":"shipping_calculator_heading_desc","label":"Heading Description","default":"Enter your destination to get a shipping estimate."},{"type":"select","id":"shipping_calculator_default_country","label":"Default country selection","options":[{"value":"","label":"-- Please Select --"},{"value":"Vietnam","label":"Vietnam"},{"value":"Canada","label":"Canada"},{"value":"Australia","label":"Australia"},{"value":"Afghanistan","label":"Afghanistan"},{"value":"Aland Islands","label":"Aland Islands"},{"value":"Albania","label":"Albania"},{"value":"Algeria","label":"Algeria"},{"value":"Andorra","label":"Andorra"},{"value":"Angola","label":"Angola"},{"value":"Anguilla","label":"Anguilla"},{"value":"Antigua And Barbuda","label":"Antigua And Barbuda"},{"value":"Argentina","label":"Argentina"},{"value":"Armenia","label":"Armenia"},{"value":"Aruba","label":"Aruba"},{"value":"Austria","label":"Austria"},{"value":"Azerbaijan","label":"Azerbaijan"},{"value":"Bahamas","label":"Bahamas"},{"value":"Bahrain","label":"Bahrain"},{"value":"Bangladesh","label":"Bangladesh"},{"value":"Barbados","label":"Barbados"},{"value":"Belarus","label":"Belarus"},{"value":"Belgium","label":"Belgium"},{"value":"Belize","label":"Belize"},{"value":"Benin","label":"Benin"},{"value":"Bermuda","label":"Bermuda"},{"value":"Bhutan","label":"Bhutan"},{"value":"Bolivia","label":"Bolivia"},{"value":"Bosnia And Herzegovina","label":"Bosnia And Herzegovina"},{"value":"Botswana","label":"Botswana"},{"value":"Bouvet Island","label":"Bouvet Island"},{"value":"Brazil","label":"Brazil"},{"value":"British Indian Ocean Territory","label":"British Indian Ocean Territory"},{"value":"Brunei","label":"Brunei"},{"value":"Bulgaria","label":"Bulgaria"},{"value":"Burkina Faso","label":"Burkina Faso"},{"value":"Burma","label":"Burma"},{"value":"Burundi","label":"Burundi"},{"value":"Cambodia","label":"Cambodia"},{"value":"Cape Verde","label":"Cape Verde"},{"value":"Cayman Islands","label":"Cayman Islands"},{"value":"Central African Republic","label":"Central African Republic"},{"value":"Chad","label":"Chad"},{"value":"Chile","label":"Chile"},{"value":"China","label":"China"},{"value":"Christmas Island","label":"Christmas Island"},{"value":"Cocos (Keeling) Islands","label":"Cocos (Keeling) Islands"},{"value":"Colombia","label":"Colombia"},{"value":"Comoros","label":"Comoros"},{"value":"Congo","label":"Congo"},{"value":"Congo, The Democratic Republic Of The","label":"Congo, The Democratic Republic Of The"},{"value":"Cook Islands","label":"Cook Islands"},{"value":"Costa Rica","label":"Costa Rica"},{"value":"Croatia","label":"Croatia"},{"value":"Cuba","label":"Cuba"},{"value":"Curaçao","label":"Curaçao"},{"value":"Cyprus","label":"Cyprus"},{"value":"Czech Republic","label":"Czech Republic"},{"value":"Côte d'Ivoire","label":"Côte d'Ivoire"},{"value":"Denmark","label":"Denmark"},{"value":"Djibouti","label":"Djibouti"},{"value":"Dominica","label":"Dominica"},{"value":"Dominican Republic","label":"Dominican Republic"},{"value":"Ecuador","label":"Ecuador"},{"value":"Egypt","label":"Egypt"},{"value":"El Salvador","label":"El Salvador"},{"value":"Equatorial Guinea","label":"Equatorial Guinea"},{"value":"Eritrea","label":"Eritrea"},{"value":"Estonia","label":"Estonia"},{"value":"Ethiopia","label":"Ethiopia"},{"value":"Falkland Islands (Malvinas)","label":"Falkland Islands (Malvinas)"},{"value":"Faroe Islands","label":"Faroe Islands"},{"value":"Fiji","label":"Fiji"},{"value":"Finland","label":"Finland"},{"value":"France","label":"France"},{"value":"French Guiana","label":"French Guiana"},{"value":"French Polynesia","label":"French Polynesia"},{"value":"French Southern Territories","label":"French Southern Territories"},{"value":"Gabon","label":"Gabon"},{"value":"Gambia","label":"Gambia"},{"value":"Georgia","label":"Georgia"},{"value":"Germany","label":"Germany"},{"value":"Ghana","label":"Ghana"},{"value":"Gibraltar","label":"Gibraltar"},{"value":"Greece","label":"Greece"},{"value":"Greenland","label":"Greenland"},{"value":"Grenada","label":"Grenada"},{"value":"Guadeloupe","label":"Guadeloupe"},{"value":"Guatemala","label":"Guatemala"},{"value":"Guernsey","label":"Guernsey"},{"value":"Guinea","label":"Guinea"},{"value":"Guinea Bissau","label":"Guinea Bissau"},{"value":"Guyana","label":"Guyana"},{"value":"Haiti","label":"Haiti"},{"value":"Heard Island And Mcdonald Islands","label":"Heard Island And Mcdonald Islands"},{"value":"Holy See (Vatican City State)","label":"Holy See (Vatican City State)"},{"value":"Honduras","label":"Honduras"},{"value":"Hong Kong","label":"Hong Kong"},{"value":"Hungary","label":"Hungary"},{"value":"Iceland","label":"Iceland"},{"value":"India","label":"India"},{"value":"Indonesia","label":"Indonesia"},{"value":"Iran, Islamic Republic Of","label":"Iran, Islamic Republic Of"},{"value":"Iraq","label":"Iraq"},{"value":"Ireland","label":"Ireland"},{"value":"Isle Of Man","label":"Isle Of Man"},{"value":"Israel","label":"Israel"},{"value":"Italy","label":"Italy"},{"value":"Jamaica","label":"Jamaica"},{"value":"Japan","label":"Japan"},{"value":"Jersey","label":"Jersey"},{"value":"Jordan","label":"Jordan"},{"value":"Kazakhstan","label":"Kazakhstan"},{"value":"Kenya","label":"Kenya"},{"value":"Kiribati","label":"Kiribati"},{"value":"Korea, Democratic People's Republic Of","label":"Korea, Democratic People's Republic Of"},{"value":"Kosovo","label":"Kosovo"},{"value":"Kuwait","label":"Kuwait"},{"value":"Kyrgyzstan","label":"Kyrgyzstan"},{"value":"Lao People's Democratic Republic","label":"Lao People's Democratic Republic"},{"value":"Latvia","label":"Latvia"},{"value":"Lebanon","label":"Lebanon"},{"value":"Lesotho","label":"Lesotho"},{"value":"Liberia","label":"Liberia"},{"value":"Libyan Arab Jamahiriya","label":"Libyan Arab Jamahiriya"},{"value":"Liechtenstein","label":"Liechtenstein"},{"value":"Lithuania","label":"Lithuania"},{"value":"Luxembourg","label":"Luxembourg"},{"value":"Macao","label":"Macao"},{"value":"Macedonia, Republic Of","label":"Macedonia, Republic Of"},{"value":"Madagascar","label":"Madagascar"},{"value":"Malawi","label":"Malawi"},{"value":"Malaysia","label":"Malaysia"},{"value":"Maldives","label":"Maldives"},{"value":"Mali","label":"Mali"},{"value":"Malta","label":"Malta"},{"value":"Martinique","label":"Martinique"},{"value":"Mauritania","label":"Mauritania"},{"value":"Mauritius","label":"Mauritius"},{"value":"Mayotte","label":"Mayotte"},{"value":"Mexico","label":"Mexico"},{"value":"Moldova, Republic of","label":"Moldova, Republic of"},{"value":"Monaco","label":"Monaco"},{"value":"Mongolia","label":"Mongolia"},{"value":"Montenegro","label":"Montenegro"},{"value":"Montserrat","label":"Montserrat"},{"value":"Morocco","label":"Morocco"},{"value":"Mozambique","label":"Mozambique"},{"value":"Namibia","label":"Namibia"},{"value":"Nauru","label":"Nauru"},{"value":"Nepal","label":"Nepal"},{"value":"Netherlands","label":"Netherlands"},{"value":"Netherlands Antilles","label":"Netherlands Antilles"},{"value":"New Caledonia","label":"New Caledonia"},{"value":"New Zealand","label":"New Zealand"},{"value":"Nicaragua","label":"Nicaragua"},{"value":"Niger","label":"Niger"},{"value":"Nigeria","label":"Nigeria"},{"value":"Niue","label":"Niue"},{"value":"Norfolk Island","label":"Norfolk Island"},{"value":"Norway","label":"Norway"},{"value":"Oman","label":"Oman"},{"value":"Pakistan","label":"Pakistan"},{"value":"Palestinian Territory, Occupied","label":"Palestinian Territory, Occupied"},{"value":"Panama","label":"Panama"},{"value":"Papua New Guinea","label":"Papua New Guinea"},{"value":"Paraguay","label":"Paraguay"},{"value":"Peru","label":"Peru"},{"value":"Philippines","label":"Philippines"},{"value":"Pitcairn","label":"Pitcairn"},{"value":"Poland","label":"Poland"},{"value":"Portugal","label":"Portugal"},{"value":"Qatar","label":"Qatar"},{"value":"Republic of Cameroon","label":"Republic of Cameroon"},{"value":"Reunion","label":"Reunion"},{"value":"Romania","label":"Romania"},{"value":"Russia","label":"Russia"},{"value":"Rwanda","label":"Rwanda"},{"value":"Saint Barthélemy","label":"Saint Barthélemy"},{"value":"Saint Helena","label":"Saint Helena"},{"value":"Saint Kitts And Nevis","label":"Saint Kitts And Nevis"},{"value":"Saint Lucia","label":"Saint Lucia"},{"value":"Saint Martin","label":"Saint Martin"},{"value":"Saint Pierre And Miquelon","label":"Saint Pierre And Miquelon"},{"value":"Samoa","label":"Samoa"},{"value":"San Marino","label":"San Marino"},{"value":"Sao Tome And Principe","label":"Sao Tome And Principe"},{"value":"Saudi Arabia","label":"Saudi Arabia"},{"value":"Senegal","label":"Senegal"},{"value":"Serbia","label":"Serbia"},{"value":"Seychelles","label":"Seychelles"},{"value":"Sierra Leone","label":"Sierra Leone"},{"value":"Singapore","label":"Singapore"},{"value":"Slovakia","label":"Slovakia"},{"value":"Slovenia","label":"Slovenia"},{"value":"Solomon Islands","label":"Solomon Islands"},{"value":"Somalia","label":"Somalia"},{"value":"South Africa","label":"South Africa"},{"value":"South Georgia And The South Sandwich Islands","label":"South Georgia And The South Sandwich Islands"},{"value":"South Korea","label":"South Korea"},{"value":"Spain","label":"Spain"},{"value":"Sri Lanka","label":"Sri Lanka"},{"value":"St. Vincent","label":"St. Vincent"},{"value":"Sudan","label":"Sudan"},{"value":"Suriname","label":"Suriname"},{"value":"Svalbard And Jan Mayen","label":"Svalbard And Jan Mayen"},{"value":"Swaziland","label":"Swaziland"},{"value":"Sweden","label":"Sweden"},{"value":"Switzerland","label":"Switzerland"},{"value":"Syria","label":"Syria"},{"value":"Taiwan","label":"Taiwan"},{"value":"Tajikistan","label":"Tajikistan"},{"value":"Tanzania, United Republic Of","label":"Tanzania, United Republic Of"},{"value":"Thailand","label":"Thailand"},{"value":"Timor Leste","label":"Timor Leste"},{"value":"Togo","label":"Togo"},{"value":"Tokelau","label":"Tokelau"},{"value":"Tonga","label":"Tonga"},{"value":"Trinidad and Tobago","label":"Trinidad and Tobago"},{"value":"Tunisia","label":"Tunisia"},{"value":"Turkey","label":"Turkey"},{"value":"Turkmenistan","label":"Turkmenistan"},{"value":"Turks and Caicos Islands","label":"Turks and Caicos Islands"},{"value":"Tuvalu","label":"Tuvalu"},{"value":"Uganda","label":"Uganda"},{"value":"Ukraine","label":"Ukraine"},{"value":"United Arab Emirates","label":"United Arab Emirates"},{"value":"United Kingdom","label":"United Kingdom"},{"value":"United States","label":"United States"},{"value":"United States Minor Outlying Islands","label":"United States Minor Outlying Islands"},{"value":"Uruguay","label":"Uruguay"},{"value":"Uzbekistan","label":"Uzbekistan"},{"value":"Vanuatu","label":"Vanuatu"},{"value":"Venezuela","label":"Venezuela"},{"value":"Virgin Islands, British","label":"Virgin Islands, British"},{"value":"Wallis And Futuna","label":"Wallis And Futuna"},{"value":"Western Sahara","label":"Western Sahara"},{"value":"Yemen","label":"Yemen"},{"value":"Zambia","label":"Zambia"},{"value":"Zimbabwe","label":"Zimbabwe"}],"default":"United States"},{"type":"paragraph","content":"If your customer is logged-in, the country in his default shipping address will be selected. If you are not sure about the spelling to use here, refer to the first checkout page."},{"type":"text","id":"shipping_calculator_submit_button_label","label":"Submit button label","default":"Calculate shipping"},{"type":"paragraph","content":"Information about shipping info place in \"shipping-calculator.liquid\" (INFORMATION BLOK)."}]},{"name":"Lookbook Page","settings":[{"type":"checkbox","id":"lookbookbreadcrumbs","label":"Show Breadcrubs","default":false},{"type":"header","content":"Block 1"},{"type":"checkbox","id":"lookbookshowblock1","label":"Show Block 1","default":true},{"type":"image","id":"lookbook-img-03.jpg","label":"Background Image","info":"Image must be JPG. Image Size = 570px x 839px"},{"type":"product","id":"lookbook_block1_pr1","label":"Select Product 1"},{"type":"text","id":"lookbook_block1_coord_pr1","label":"Coordinates 1","info":"top: 2.4%; left: 3.7%; width:53.7%;"},{"type":"radio","id":"lookbook_block1_tool_pr1","options":[{"value":"left","label":"Left"},{"value":"right","label":"Right"},{"value":"center","label":"Center"}],"label":"Show Tool From"},{"type":"product","id":"lookbook_block1_pr2","label":"Select Product 2"},{"type":"text","id":"lookbook_block1_coord_pr2","label":"Coordinates 2","info":"top: 2.4%; left: 3.7%; width:53.7%;"},{"type":"radio","id":"lookbook_block1_tool_pr2","options":[{"value":"left","label":"Left"},{"value":"right","label":"Right"},{"value":"center","label":"Center"}],"label":"Show Tool From"},{"type":"product","id":"lookbook_block1_pr3","label":"Select Product 3"},{"type":"text","id":"lookbook_block1_coord_pr3","label":"Coordinates 3","info":"top: 2.4%; left: 3.7%; width:53.7%;"},{"type":"radio","id":"lookbook_block1_tool_pr3","options":[{"value":"left","label":"Left"},{"value":"right","label":"Right"},{"value":"center","label":"Center"}],"label":"Show Tool From"},{"type":"product","id":"lookbook_block1_pr4","label":"Select Product 4"},{"type":"text","id":"lookbook_block1_coord_pr4","label":"Coordinates 4","info":"top: 2.4%; left: 3.7%; width:53.7%;"},{"type":"radio","id":"lookbook_block1_tool_pr4","options":[{"value":"left","label":"Left"},{"value":"right","label":"Right"},{"value":"center","label":"Center"}],"label":"Show Tool From"},{"type":"product","id":"lookbook_block1_pr5","label":"Select Product 5"},{"type":"text","id":"lookbook_block1_coord_pr5","label":"Coordinates 5","info":"top: 2.4%; left: 3.7%; width:53.7%;"},{"type":"radio","id":"lookbook_block1_tool_pr5","options":[{"value":"left","label":"Left"},{"value":"right","label":"Right"},{"value":"center","label":"Center"}],"label":"Show Tool From"},{"type":"product","id":"lookbook_block1_pr6","label":"Select Product 6"},{"type":"text","id":"lookbook_block1_coord_pr6","label":"Coordinates 6","info":"top: 2.4%; left: 3.7%; width:53.7%;"},{"type":"radio","id":"lookbook_block1_tool_pr6","options":[{"value":"left","label":"Left"},{"value":"right","label":"Right"},{"value":"center","label":"Center"}],"label":"Show Tool From"},{"type":"product","id":"lookbook_block1_pr7","label":"Select Product 7"},{"type":"text","id":"lookbook_block1_coord_pr7","label":"Coordinates 7","info":"top: 2.4%; left: 3.7%; width:53.7%;"},{"type":"radio","id":"lookbook_block1_tool_pr7","options":[{"value":"left","label":"Left"},{"value":"right","label":"Right"},{"value":"center","label":"Center"}],"label":"Show Tool From"},{"type":"product","id":"lookbook_block1_pr8","label":"Select Product 8"},{"type":"text","id":"lookbook_block1_coord_pr8","label":"Coordinates 8","info":"top: 2.4%; left: 3.7%; width:53.7%;"},{"type":"radio","id":"lookbook_block1_tool_pr8","options":[{"value":"left","label":"Left"},{"value":"right","label":"Right"},{"value":"center","label":"Center"}],"label":"Show Tool From"},{"type":"header","content":"Block 2"},{"type":"checkbox","id":"lookbookshowblock2","label":"Show Block 2","default":true},{"type":"image","id":"lookbook-img-02.jpg","label":"Background Image","info":"Image must be JPG. Image Size = 570px x 839px"},{"type":"collection","id":"lookbookblock2","label":"Collection"},{"type":"text","id":"lookbookblock2length","label":"Items Length","default":"8","info":"Integer"},{"type":"header","content":"Block 3"},{"type":"checkbox","id":"lookbookshowblock3","label":"Show Block 3","default":true},{"type":"image","id":"lookbook-img-01.jpg","label":"Background Image","info":"Image must be JPG. Image Size = 570px x 839px"},{"type":"product","id":"lookbook_block3_pr1","label":"Select Product 1"},{"type":"text","id":"lookbook_block3_coord_pr1","label":"Coordinates 1","info":"top: 17.8%; left: 63.5%;"},{"type":"radio","id":"lookbook_block3_tool_pr1","options":[{"value":"left","label":"Left"},{"value":"right","label":"Right"}],"label":"Show Tool From"},{"type":"product","id":"lookbook_block3_pr2","label":"Select Product 2"},{"type":"text","id":"lookbook_block3_coord_pr2","label":"Coordinates 2","info":"top: 17.8%; left: 63.5%;"},{"type":"radio","id":"lookbook_block3_tool_pr2","options":[{"value":"left","label":"Left"},{"value":"right","label":"Right"}],"label":"Show Tool From"},{"type":"product","id":"lookbook_block3_pr3","label":"Select Product 3"},{"type":"text","id":"lookbook_block3_coord_pr3","label":"Coordinates 3","info":"top: 17.8%; left: 63.5%;"},{"type":"radio","id":"lookbook_block3_tool_pr3","options":[{"value":"left","label":"Left"},{"value":"right","label":"Right"}],"label":"Show Tool From"},{"type":"product","id":"lookbook_block3_pr4","label":"Select Product 4"},{"type":"text","id":"lookbook_block3_coord_pr4","label":"Coordinates 4","info":"top: 17.8%; left: 63.5%;"},{"type":"radio","id":"lookbook_block3_tool_pr4","options":[{"value":"left","label":"Left"},{"value":"right","label":"Right"}],"label":"Show Tool From"},{"type":"product","id":"lookbook_block3_pr5","label":"Select Product 5"},{"type":"text","id":"lookbook_block3_coord_pr5","label":"Coordinates 5","info":"top: 17.8%; left: 63.5%;"},{"type":"radio","id":"lookbook_block3_tool_pr5","options":[{"value":"left","label":"Left"},{"value":"right","label":"Right"}],"label":"Show Tool From"}]},{"name":"Money options","settings":[{"type":"checkbox","id":"show_multiple_currencies","label":"Show Currency Selector","default":true},{"type":"text","id":"title_currency","label":"Title","default":"Currency:"},{"type":"paragraph","content":"Write ISO 4217 Currency Codes [Click here](http:\/\/www.xe.com\/iso4217.php). Your currencies name: icon [Click here](http:\/\/character-code.com\/currency-html-codes.php), text."},{"type":"textarea","id":"supported_currencies","label":"Currencies you wish to support","default":"USD, ($) US Dollars | EUR, (€) Euro | GBP, (&pound;) British Pounds","info":"Example: USD, ($) US Dollars | EUR, (€) Euro | GBP, (&pound;) British Pounds"},{"type":"paragraph","content":"&nbsp; - space"}]},{"name":"404","settings":[{"type":"image","id":"page-404-icon.png","label":"Image"}]},{"name":"Password","settings":[{"type":"image","id":"logo_pass.png","label":"Logo"},{"type":"checkbox","id":"use_favicon_pass","label":"Use custom icon (16px x 16px)","default":true},{"type":"image","id":"favicon_pass.png","label":"Favicon","max-width":16,"max-height":16},{"type":"header","content":"Content"},{"type":"textarea","id":"title_pass","label":"Title"},{"type":"textarea","id":"text_pass","label":"Description"},{"type":"image","id":"parallax_pass.png","label":"Parallax Image"},{"type":"textarea","id":"social_pass","label":"Socials Buttons"},{"type":"textarea","id":"countdown_pass","label":"Countdown","info":"2017\/01\/31 10:30:00"},{"type":"header","content":"Newsletter"},{"type":"textarea","id":"title_nws_pass","label":"Title"},{"type":"textarea","id":"text_nws_pass","label":"Description"},{"type":"header","content":"Password Field"},{"type":"textarea","id":"title_pass_pass","label":"Title"},{"type":"text","id":"button_pass","label":"Button Name"},{"type":"header","content":"Footer Address"},{"type":"textarea","id":"footer_address_pass","label":"Copyright"}]}]